companyName,sourceType,sourceUrl,capturedAt,evidenceSummary,evidenceStrength
Fella Health,product_evidence,https://www.fellahealth.com/,2026-05-19,面向肥胖和代谢健康的远程医疗/健康管理产品。,strong_product_or_company_site
Fella Health,reachability_evidence,https://www.ycombinator.com/companies/fella-health/jobs,2026-05-19,YC 招聘页显示 Fella 为 fully remote team，并在岗位中强调远程团队协作。,strong_reachability
成都尚医信息科技有限公司,product_evidence,https://www.prnewswire.com/news-releases/cf-pharmtech-and-chengdu-shangyi-launch-the-home-based-recovery-program-for-discharged-covid-19-patients-and-announce-todays-global-release-of-the-r-plus-health-free-app-301219070.html,2026-05-19,公开新闻称成都尚医与合作方发布 R Plus Health 居家康复 App，为出院患者提供康复计划和居家恢复支持。,strong_product_or_company_site
成都尚医信息科技有限公司,reachability_evidence,https://m.newseed.cn/company/43464,2026-05-19,公开企业资料显示为成都公司，适合中文主动联系和本地生态切入。,strong_reachability
智云健康,product_evidence,https://www.cloudr.cn/,2026-05-19,官网展示慢病管理、互联网医院和患者服务平台。,strong_product_or_company_site
智云健康,reachability_evidence,https://www.cloudr.cn/,2026-05-19,杭州总部/中国业务明确，可本地中文主动联系。,strong_reachability
深圳硅基智能科技有限公司,product_evidence,https://www.sibionics.com/,2026-05-19,糖尿病连续血糖监测和数字化管理相关产品。,strong_product_or_company_site
深圳硅基智能科技有限公司,reachability_evidence,https://www.sibionics.com/,2026-05-19,深圳公司，中国业务明确。,strong_reachability
GlucoSenseDigital,product_evidence,https://glucosensedigital.com/,2026-05-19,AI-powered diabetes management product positioning.,strong_product_or_company_site
GlucoSenseDigital,reachability_evidence,https://glucosensedigital.com/careers/,2026-05-19,招聘页称 fully remote team，帮助 worldwide 用户管理糖尿病。,strong_reachability
蚂蚁集团健康事业群 / 数字医疗,product_evidence,https://www.mianshima.com/job/5/25030403589666,2026-05-19,公开岗位显示医疗大模型医学专家/医疗 Agent 方向，说明其有医疗 AI 产品线。,strong_product_or_company_site
蚂蚁集团健康事业群 / 数字医疗,reachability_evidence,https://talent.antgroup.com/,2026-05-19,蚂蚁集团杭州/中国团队可触达。,strong_reachability
Hinge Health,product_evidence,https://www.hingehealth.com/,2026-05-19,数字肌骨诊所，面向疼痛、运动功能和物理治疗管理。,strong_product_or_company_site
Hinge Health,reachability_evidence,https://jobs.ashbyhq.com/hinge-health,2026-05-19,公开岗位主要为美国地点或美国远程，不满足 global remote 严格口径。,limited_or_unknown_reachability
Sword Health,product_evidence,https://swordhealth.com/,2026-05-19,数字物理治疗和 MSK care 平台，强调 AI care 和临床团队。,strong_product_or_company_site
Sword Health,reachability_evidence,https://swordhealth.com/careers,2026-05-19,公开岗位通常按 US / Portugal / UK 等地区招聘，未找到 worldwide remote 证据。,limited_or_unknown_reachability
医联,product_evidence,https://www.medlinker.com/,2026-05-19,互联网医疗平台，Stage 2 已标记为慢病管理、临床工作流和互联网医疗。,strong_product_or_company_site
医联,reachability_evidence,https://www.medlinker.com/,2026-05-19,成都公司/中国业务明确。,strong_reachability
Curable,product_evidence,https://www.curable.com/,2026-05-19,慢性疼痛教育、练习和行为干预 App。,strong_product_or_company_site
Curable,reachability_evidence,https://www.curable.com/,2026-05-19,未找到明确 worldwide/global remote 证据。,limited_or_unknown_reachability
RecoveryPlus.health,product_evidence,https://www.recoveryplus.health/about/,2026-05-19,公司介绍其虚拟慢病管理、心脏/肺康复和远程患者支持服务。,strong_product_or_company_site
RecoveryPlus.health,reachability_evidence,https://www.recoveryplus.health/about/,2026-05-19,未找到严格 worldwide/global remote 证据；只能进入 target pool 或 unknown watchlist。,limited_or_unknown_reachability
华佗大数据健康（杭州）有限公司,product_evidence,https://jobs.niuqizp.com/job-vms55CzZC.html,2026-05-19,公开招聘公告称其为医疗数据+AI全栈应用解决方案提供方，旗下云上华佗是人工智能数字健康科技平台。,strong_product_or_company_site
华佗大数据健康（杭州）有限公司,reachability_evidence,https://jobs.niuqizp.com/job-vms55CzZC.html,2026-05-19,杭州公司且公开招聘 AI Agent 方向，适合主动联系。,strong_reachability
华大生命科学研究院 / BGI,product_evidence,https://www.lipind.com/position/detail/963421,2026-05-19,公开岗位要求把组学分析流程转成自然语言交互体验，技术栈含 LangChain / LlamaIndex。,strong_product_or_company_site
华大生命科学研究院 / BGI,reachability_evidence,https://www.genomics.cn/,2026-05-19,深圳/杭州生态可触达。,strong_reachability
Lark Health,product_evidence,https://www.lark.com/,2026-05-19,AI-powered chronic disease prevention and management coaching.,strong_product_or_company_site
Lark Health,reachability_evidence,https://www.lark.com/careers,2026-05-19,未找到明确 global remote 证据。,limited_or_unknown_reachability
Omada Health,product_evidence,https://www.omadahealth.com/,2026-05-19,虚拟慢病管理平台，覆盖 diabetes、hypertension、musculoskeletal 等慢病项目。,strong_product_or_company_site
Omada Health,reachability_evidence,https://job-boards.greenhouse.io/omadahealth,2026-05-19,"公开职位远程地点为 Remote, USA 等，不满足 global remote。",limited_or_unknown_reachability
Virta Health,product_evidence,https://www.virtahealth.com/,2026-05-19,面向 2 型糖尿病和肥胖的虚拟代谢健康 care。,strong_product_or_company_site
Virta Health,reachability_evidence,https://www.virtahealth.com/careers,2026-05-19,公开招聘以美国远程/美国岗位为主，不满足 global remote。,limited_or_unknown_reachability
Kaia Health,product_evidence,https://kaiahealth.com/,2026-05-19,数字 MSK 平台，提供运动治疗、教育和行为支持。,strong_product_or_company_site
Kaia Health,reachability_evidence,https://kaiahealth.com/careers/,2026-05-19,未找到明确 worldwide/global remote 证据。,limited_or_unknown_reachability
Lin Health,product_evidence,https://www.lin.health/,2026-05-19,面向慢性疼痛的虚拟 care 和 coaching。,strong_product_or_company_site
Lin Health,reachability_evidence,https://www.lin.health/careers,2026-05-19,公开岗位/团队入口未证明 worldwide remote，按 restricted/unknown 处理。,limited_or_unknown_reachability
阿里健康,product_evidence,https://www.alihealth.cn/,2026-05-19,阿里健康提供医药健康和互联网医疗服务，并有医疗大模型/智能问答岗位线索。,strong_product_or_company_site
阿里健康,reachability_evidence,https://www.alihealth.cn/,2026-05-19,杭州/中国业务明确。,strong_reachability
Glooko,product_evidence,https://glooko.com/,2026-05-19,糖尿病数据管理、远程监测和患者/临床团队工具。,strong_product_or_company_site
Glooko,reachability_evidence,https://glooko.com/careers/,2026-05-19,未找到明确 worldwide/global remote 证据。,limited_or_unknown_reachability
Welldoc,product_evidence,https://www.welldoc.com/,2026-05-19,糖尿病数字疗法和心代谢数字健康产品。,strong_product_or_company_site
Welldoc,reachability_evidence,https://www.welldoc.com/careers/,2026-05-19,未找到明确 global remote 证据。,limited_or_unknown_reachability
医渡科技,product_evidence,https://www.yidutechgroup.com/,2026-05-19,医疗数据智能和 AI 平台公司，服务临床研究和医疗健康场景。,strong_product_or_company_site
医渡科技,reachability_evidence,https://www.yidutechgroup.com/,2026-05-19,中国公司/公开上市主体可触达。,strong_reachability
方舟健客,product_evidence,https://www.jianke.com/,2026-05-19,互联网医疗和医药电商平台，Stage 2 已标记慢病管理与药房电商。,strong_product_or_company_site
方舟健客,reachability_evidence,https://www.jianke.com/,2026-05-19,广州公司/中国业务明确。,strong_reachability
上海鹰瞳医疗科技有限公司,product_evidence,https://www.airdoc.com/,2026-05-19,AI 视网膜影像筛查，覆盖糖尿病视网膜病变和慢病风险相关场景。,strong_product_or_company_site
上海鹰瞳医疗科技有限公司,reachability_evidence,https://www.airdoc.com/,2026-05-19,上海公司/中国市场明确。,strong_reachability
Biofourmis,product_evidence,https://www.biofourmis.com/,2026-05-19,AI驱动远程患者监测和虚拟护理平台。,strong_product_or_company_site
Biofourmis,reachability_evidence,https://www.biofourmis.com/careers/,2026-05-19,未找到明确 global remote 证据。,limited_or_unknown_reachability
MoreGoodDays,product_evidence,https://www.moregooddays.com/,2026-05-19,慢性疼痛数字项目，结合疼痛教育、心理和行为干预。,strong_product_or_company_site
MoreGoodDays,reachability_evidence,https://www.moregooddays.com/,2026-05-19,未找到明确 global remote 工作政策。,limited_or_unknown_reachability
Noom,product_evidence,https://www.noom.com/,2026-05-19,体重管理和行为改变数字健康产品。,strong_product_or_company_site
Noom,reachability_evidence,https://www.noom.com/careers/,2026-05-19,公开岗位多按国家/地区招聘，未确认 global remote。,limited_or_unknown_reachability
平安健康,product_evidence,https://www.pagd.net/,2026-05-19,互联网医疗和健康服务平台。,strong_product_or_company_site
平安健康,reachability_evidence,https://www.pagd.net/,2026-05-19,上海/中国业务明确。,strong_reachability
京东健康,product_evidence,https://www.jdh.com/,2026-05-19,京东健康提供在线医疗、医药健康商品和健康服务。,strong_product_or_company_site
京东健康,reachability_evidence,https://www.jdh.com/,2026-05-19,北京/中国业务明确。,strong_reachability
Carepatron,product_evidence,https://www.carepatron.com/,2026-05-19,医疗实践管理、远程医疗、患者管理和工作流平台。,strong_product_or_company_site
Carepatron,reachability_evidence,https://www.carepatron.com/careers,2026-05-19,careers 页面强调 global team / remote work 文化。,strong_reachability
Wysa,product_evidence,https://www.wysa.com/,2026-05-19,AI mental health support and coaching product.,strong_product_or_company_site
Wysa,reachability_evidence,https://www.wysa.com/careers,2026-05-19,未找到严格 global remote 证据。,limited_or_unknown_reachability
Big Health,product_evidence,https://www.bighealth.com/,2026-05-19,数字疗法产品覆盖 sleep 和 mental health。,strong_product_or_company_site
Big Health,reachability_evidence,https://www.bighealth.com/careers/,2026-05-19,公开岗位通常受 US/UK 等地区限制，未找到 global remote 证据。,limited_or_unknown_reachability
微医,product_evidence,https://www.guahao.com/,2026-05-19,互联网医院和在线医疗服务平台。,strong_product_or_company_site
微医,reachability_evidence,https://www.guahao.com/,2026-05-19,杭州/中国业务明确。,strong_reachability
Newpage,product_evidence,https://newpage.io/,2026-05-19,数字健康产品开发与技术服务公司，服务医疗健康产品建设。,strong_product_or_company_site
Newpage,reachability_evidence,https://newpage.io/careers/,2026-05-19,careers 页面称 global team、100% remote。,strong_reachability
北京康恒医疗科技有限公司,product_evidence,https://www.kanghengmed.com/,2026-05-19,慢病管理和医疗软件相关业务线索，需后续核验具体产品成熟度。,strong_product_or_company_site
北京康恒医疗科技有限公司,reachability_evidence,https://www.kanghengmed.com/,2026-05-19,北京公司/中国业务可触达。,strong_reachability
远心医疗,product_evidence,https://udi.nmpa.gov.cn/,2026-05-19,Stage 2 显示为 remote_patient_monitoring / samd 候选。,strong_product_or_company_site
远心医疗,reachability_evidence,https://udi.nmpa.gov.cn/,2026-05-19,上海注册主体可触达。,strong_reachability
丁香园,product_evidence,https://www.dxy.cn/,2026-05-19,医学专业社区和健康服务平台。,strong_product_or_company_site
丁香园,reachability_evidence,https://www.dxy.cn/,2026-05-19,杭州/中国业务明确。,strong_reachability
好大夫在线,product_evidence,https://www.haodf.com/,2026-05-19,在线问诊和医生患者服务平台。,strong_product_or_company_site
好大夫在线,reachability_evidence,https://www.haodf.com/,2026-05-19,北京/中国业务明确。,strong_reachability
Headspace Health,product_evidence,https://www.headspace.com/,2026-05-19,心理健康、冥想和睡眠平台。,strong_product_or_company_site
Headspace Health,reachability_evidence,https://job-boards.greenhouse.io/hs,2026-05-19,公开远程岗位多为 United States，不满足 global remote。,limited_or_unknown_reachability
圆心科技,product_evidence,https://www.yuanxin.com/,2026-05-19,医疗健康服务与药房/患者服务平台。,strong_product_or_company_site
圆心科技,reachability_evidence,https://www.yuanxin.com/,2026-05-19,北京/中国业务明确。,strong_reachability
成都云卫康医疗科技有限公司,product_evidence,https://udi.nmpa.gov.cn/,2026-05-19,Stage 2 NMPA/UDI 证据显示其为睡眠/远程监测相关医疗软件候选。,strong_product_or_company_site
成都云卫康医疗科技有限公司,reachability_evidence,https://udi.nmpa.gov.cn/,2026-05-19,注册主体在成都，适合本地进一步核验和联系。,strong_reachability
妙手医生,product_evidence,https://www.miaoshou.com/,2026-05-19,在线医疗和医药健康服务平台，Stage 2 标记为在线问诊和药房电商相关。,strong_product_or_company_site
妙手医生,reachability_evidence,https://www.miaoshou.com/,2026-05-19,北京/中国业务明确。,strong_reachability
思派健康,product_evidence,https://www.medbanks.cn/,2026-05-19,患者服务和特药/健康管理相关平台，Stage 2 标记为患者互动和药房电商。,strong_product_or_company_site
思派健康,reachability_evidence,https://www.medbanks.cn/,2026-05-19,北京/中国业务明确。,strong_reachability
春雨医生,product_evidence,https://www.chunyuyisheng.com/,2026-05-19,在线问诊和健康咨询平台。,strong_product_or_company_site
春雨医生,reachability_evidence,https://www.chunyuyisheng.com/,2026-05-19,北京/中国业务明确。,strong_reachability
叮当快药,product_evidence,https://www.ddky.com/,2026-05-19,医药健康到家服务平台，适合长期用药和慢病患者运营场景。,strong_product_or_company_site
叮当快药,reachability_evidence,https://www.ddky.com/,2026-05-19,北京/中国业务明确。,strong_reachability
江西思维智光医疗科技有限公司,product_evidence,https://udi.nmpa.gov.cn/,2026-05-19,Stage 2 显示为 mental_health 相关 NMPA/UDI 候选。,strong_product_or_company_site
江西思维智光医疗科技有限公司,reachability_evidence,https://udi.nmpa.gov.cn/,2026-05-19,中国注册主体可触达，但城市需进一步核验。,strong_reachability
健康160,product_evidence,https://www.91160.com/,2026-05-19,预约挂号和互联网医疗服务平台，具备患者入口和复诊服务场景。,strong_product_or_company_site
健康160,reachability_evidence,https://www.91160.com/,2026-05-19,深圳/中国业务明确。,strong_reachability
天津致远慧图科技有限公司,product_evidence,https://udi.nmpa.gov.cn/showDetailCX.html?deviceRecordKey=0697549021014420230320104547712,2026-05-19,Stage 2 categories: chronic_disease_management; rehabilitation; remote_patient_monitoring; samd,medium_stage2_evidence
天津致远慧图科技有限公司,reachability_evidence,https://udi.nmpa.gov.cn/showDetailCX.html?deviceRecordKey=0697549021014420230320104547712,2026-05-19,Stage 2 显示中国主体或中国城市。,strong_reachability
腾讯医疗健康（深圳）有限公司,product_evidence,https://udi.nmpa.gov.cn/showDetailCX.html?deviceRecordKey=0697541034009820250217120028629,2026-05-19,Stage 2 categories: clinical_workflow; mental_health; samd,medium_stage2_evidence
腾讯医疗健康（深圳）有限公司,reachability_evidence,https://udi.nmpa.gov.cn/showDetailCX.html?deviceRecordKey=0697541034009820250217120028629,2026-05-19,Stage 2 显示中国主体或中国城市。,strong_reachability
英国雅培糖尿病护理公司,product_evidence,https://udi.nmpa.gov.cn/showDetailCX.html?deviceRecordKey=0502179100284920241010051926155,2026-05-19,Stage 2 categories: chronic_disease_management; remote_patient_monitoring,medium_stage2_evidence
英国雅培糖尿病护理公司,reachability_evidence,https://udi.nmpa.gov.cn/showDetailCX.html?deviceRecordKey=0502179100284920241010051926155,2026-05-19,Stage 2 显示中国主体或中国城市。,strong_reachability
云智康医疗科技（内蒙古）有限公司,product_evidence,https://udi.nmpa.gov.cn/showDetailCX.html?deviceRecordKey=13ff18ac57eb4e89a3dee8cc6d094806,2026-05-19,Stage 2 categories: remote_patient_monitoring; sleep_health,medium_stage2_evidence
云智康医疗科技（内蒙古）有限公司,reachability_evidence,https://udi.nmpa.gov.cn/showDetailCX.html?deviceRecordKey=13ff18ac57eb4e89a3dee8cc6d094806,2026-05-19,Stage 2 显示中国主体或中国城市。,strong_reachability
伯乐实验有限公司,product_evidence,https://udi.nmpa.gov.cn/showDetailCX.html?deviceRecordKey=036105223607342025092803570325,2026-05-19,Stage 2 categories: chronic_disease_management; remote_patient_monitoring,medium_stage2_evidence
伯乐实验有限公司,reachability_evidence,https://udi.nmpa.gov.cn/showDetailCX.html?deviceRecordKey=036105223607342025092803570325,2026-05-19,Stage 2 显示中国主体或中国城市。,strong_reachability
北京新兴阳升科技有限公司,product_evidence,https://udi.nmpa.gov.cn/showDetailCX.html?deviceRecordKey=0697568534000720230304082002422,2026-05-19,Stage 2 categories: remote_patient_monitoring; sleep_health,medium_stage2_evidence
北京新兴阳升科技有限公司,reachability_evidence,https://udi.nmpa.gov.cn/showDetailCX.html?deviceRecordKey=0697568534000720230304082002422,2026-05-19,Stage 2 显示中国主体或中国城市。,strong_reachability
北京至真互联网技术有限公司,product_evidence,https://udi.nmpa.gov.cn/showDetailCX.html?deviceRecordKey=0697508757001920221110021746316,2026-05-19,Stage 2 categories: chronic_disease_management; clinical_workflow; samd,medium_stage2_evidence
北京至真互联网技术有限公司,reachability_evidence,https://udi.nmpa.gov.cn/showDetailCX.html?deviceRecordKey=0697508757001920221110021746316,2026-05-19,Stage 2 显示中国主体或中国城市。,strong_reachability
北京致远慧图科技有限公司,product_evidence,https://udi.nmpa.gov.cn/showDetailCX.html?deviceRecordKey=0697516973001020220120030704594,2026-05-19,Stage 2 categories: chronic_disease_management; clinical_workflow; samd,medium_stage2_evidence
北京致远慧图科技有限公司,reachability_evidence,https://udi.nmpa.gov.cn/showDetailCX.html?deviceRecordKey=0697516973001020220120030704594,2026-05-19,Stage 2 显示中国主体或中国城市。,strong_reachability
北京航天卡迪技术开发研究所,product_evidence,https://udi.nmpa.gov.cn/showDetailCX.html?deviceRecordKey=0692066571720120251017011019242,2026-05-19,Stage 2 categories: remote_patient_monitoring; sleep_health,medium_stage2_evidence
北京航天卡迪技术开发研究所,reachability_evidence,https://udi.nmpa.gov.cn/showDetailCX.html?deviceRecordKey=0692066571720120251017011019242,2026-05-19,Stage 2 显示中国主体或中国城市。,strong_reachability
思澜科技（成都）有限公司,product_evidence,https://udi.nmpa.gov.cn/showDetailCX.html?deviceRecordKey=4425365e8e2f450280940b64ac1c59dc,2026-05-19,Stage 2 categories: remote_patient_monitoring; sleep_health,medium_stage2_evidence
思澜科技（成都）有限公司,reachability_evidence,https://udi.nmpa.gov.cn/showDetailCX.html?deviceRecordKey=4425365e8e2f450280940b64ac1c59dc,2026-05-19,Stage 2 显示中国主体或中国城市。,strong_reachability
河南华南医电科技有限公司,product_evidence,https://udi.nmpa.gov.cn/showDetailCX.html?deviceRecordKey=0697456412010520230131012921496,2026-05-19,Stage 2 categories: remote_patient_monitoring; sleep_health,medium_stage2_evidence
河南华南医电科技有限公司,reachability_evidence,https://udi.nmpa.gov.cn/showDetailCX.html?deviceRecordKey=0697456412010520230131012921496,2026-05-19,Stage 2 显示中国主体或中国城市。,strong_reachability
苏州体素信息科技有限公司,product_evidence,https://udi.nmpa.gov.cn/showDetailCX.html?deviceRecordKey=0697517062001020221026035231561,2026-05-19,Stage 2 categories: chronic_disease_management; clinical_workflow; samd,medium_stage2_evidence
苏州体素信息科技有限公司,reachability_evidence,https://udi.nmpa.gov.cn/showDetailCX.html?deviceRecordKey=0697517062001020221026035231561,2026-05-19,Stage 2 显示中国主体或中国城市。,strong_reachability
英国雅培糖尿病护理公司Abbott Diabetes Care Ltd.,product_evidence,https://udi.nmpa.gov.cn/showDetailCX.html?deviceRecordKey=00093815713579202205260441100,2026-05-19,Stage 2 categories: chronic_disease_management; remote_patient_monitoring,medium_stage2_evidence
英国雅培糖尿病护理公司Abbott Diabetes Care Ltd.,reachability_evidence,https://udi.nmpa.gov.cn/showDetailCX.html?deviceRecordKey=00093815713579202205260441100,2026-05-19,Stage 2 显示中国主体或中国城市。,strong_reachability
上海镜影信息科技有限公司,product_evidence,https://udi.nmpa.gov.cn/showDetailCX.html?deviceRecordKey=0697755044001020260417012010264,2026-05-19,Stage 2 categories: clinical_workflow; remote_patient_monitoring; samd,medium_stage2_evidence
上海镜影信息科技有限公司,reachability_evidence,https://udi.nmpa.gov.cn/showDetailCX.html?deviceRecordKey=0697755044001020260417012010264,2026-05-19,Stage 2 显示中国主体或中国城市。,strong_reachability
北京品驰医疗设备股份有限公司,product_evidence,https://udi.nmpa.gov.cn/showDetailCX.html?deviceRecordKey=0695980960560920250409110149243,2026-05-19,Stage 2 categories: clinical_workflow; remote_patient_monitoring; samd,medium_stage2_evidence
北京品驰医疗设备股份有限公司,reachability_evidence,https://udi.nmpa.gov.cn/showDetailCX.html?deviceRecordKey=0695980960560920250409110149243,2026-05-19,Stage 2 显示中国主体或中国城市。,strong_reachability
华思（天津）医疗健康管理有限公司,product_evidence,https://udi.nmpa.gov.cn/showDetailCX.html?deviceRecordKey=0697452953104520250828052918072,2026-05-19,Stage 2 categories: health_management_platform; remote_patient_monitoring; samd,medium_stage2_evidence
华思（天津）医疗健康管理有限公司,reachability_evidence,https://udi.nmpa.gov.cn/showDetailCX.html?deviceRecordKey=0697452953104520250828052918072,2026-05-19,Stage 2 显示中国主体或中国城市。,strong_reachability
山东正心医疗科技有限公司,product_evidence,https://udi.nmpa.gov.cn/showDetailCX.html?deviceRecordKey=0697246767051220240530041724743,2026-05-19,Stage 2 categories: clinical_workflow; remote_patient_monitoring,medium_stage2_evidence
山东正心医疗科技有限公司,reachability_evidence,https://udi.nmpa.gov.cn/showDetailCX.html?deviceRecordKey=0697246767051220240530041724743,2026-05-19,Stage 2 显示中国主体或中国城市。,strong_reachability
武汉兰丁智能医学股份有限公司,product_evidence,https://udi.nmpa.gov.cn/showDetailCX.html?deviceRecordKey=06975866142710202507090242481,2026-05-19,Stage 2 categories: clinical_workflow; remote_patient_monitoring; samd,medium_stage2_evidence
武汉兰丁智能医学股份有限公司,reachability_evidence,https://udi.nmpa.gov.cn/showDetailCX.html?deviceRecordKey=06975866142710202507090242481,2026-05-19,Stage 2 显示中国主体或中国城市。,strong_reachability
深圳市保身欣科技电子有限公司,product_evidence,https://udi.nmpa.gov.cn/showDetailCX.html?deviceRecordKey=0692048530807820260512095841386,2026-05-19,Stage 2 categories: remote_patient_monitoring,medium_stage2_evidence
深圳市保身欣科技电子有限公司,reachability_evidence,https://udi.nmpa.gov.cn/showDetailCX.html?deviceRecordKey=0692048530807820260512095841386,2026-05-19,Stage 2 显示中国主体或中国城市。,strong_reachability
深圳市埃微医疗信息技术有限公司,product_evidence,https://udi.nmpa.gov.cn/showDetailCX.html?deviceRecordKey=0697996622005720260407052252779,2026-05-19,Stage 2 categories: clinical_workflow; remote_patient_monitoring; samd,medium_stage2_evidence
深圳市埃微医疗信息技术有限公司,reachability_evidence,https://udi.nmpa.gov.cn/showDetailCX.html?deviceRecordKey=0697996622005720260407052252779,2026-05-19,Stage 2 显示中国主体或中国城市。,strong_reachability
深圳市安普康科技有限公司,product_evidence,https://udi.nmpa.gov.cn/showDetailCX.html?deviceRecordKey=0694672552335320260512092607521,2026-05-19,Stage 2 categories: remote_patient_monitoring,medium_stage2_evidence
深圳市安普康科技有限公司,reachability_evidence,https://udi.nmpa.gov.cn/showDetailCX.html?deviceRecordKey=0694672552335320260512092607521,2026-05-19,Stage 2 显示中国主体或中国城市。,strong_reachability
深圳市理邦精密仪器股份有限公司,product_evidence,https://udi.nmpa.gov.cn/showDetailCX.html?deviceRecordKey=069444138319332023122702190811,2026-05-19,Stage 2 categories: clinical_workflow; remote_patient_monitoring; samd,medium_stage2_evidence
深圳市理邦精密仪器股份有限公司,reachability_evidence,https://udi.nmpa.gov.cn/showDetailCX.html?deviceRecordKey=069444138319332023122702190811,2026-05-19,Stage 2 显示中国主体或中国城市。,strong_reachability
纳龙健康科技股份有限公司,product_evidence,https://udi.nmpa.gov.cn/showDetailCX.html?deviceRecordKey=0697614113017020260424042209895,2026-05-19,Stage 2 categories: remote_patient_monitoring; samd,medium_stage2_evidence
纳龙健康科技股份有限公司,reachability_evidence,https://udi.nmpa.gov.cn/showDetailCX.html?deviceRecordKey=0697614113017020260424042209895,2026-05-19,Stage 2 显示中国主体或中国城市。,strong_reachability
长沙爱孕记医疗科技有限公司,product_evidence,https://udi.nmpa.gov.cn/showDetailCX.html?deviceRecordKey=273c8003f6164690916f8a3fdc31996c,2026-05-19,Stage 2 categories: remote_patient_monitoring; samd,medium_stage2_evidence
长沙爱孕记医疗科技有限公司,reachability_evidence,https://udi.nmpa.gov.cn/showDetailCX.html?deviceRecordKey=273c8003f6164690916f8a3fdc31996c,2026-05-19,Stage 2 显示中国主体或中国城市。,strong_reachability
青岛远程科技有限公司,product_evidence,https://udi.nmpa.gov.cn/showDetailCX.html?deviceRecordKey=0697510300027820231010040328484,2026-05-19,Stage 2 categories: remote_patient_monitoring,medium_stage2_evidence
青岛远程科技有限公司,reachability_evidence,https://udi.nmpa.gov.cn/showDetailCX.html?deviceRecordKey=0697510300027820231010040328484,2026-05-19,Stage 2 显示中国主体或中国城市。,strong_reachability
"Abbott Diabetes Care, Inc.",product_evidence,https://www.accessdata.fda.gov/scripts/cdrh/cfdocs/cfpmn/pmn.cfm?id=K060768,2026-05-19,Stage 2 categories: chronic_disease_management; remote_patient_monitoring,medium_stage2_evidence
"Abbott Diabetes Care, Inc.",reachability_evidence,https://www.accessdata.fda.gov/scripts/cdrh/cfdocs/cfpmn/pmn.cfm?id=K060768,2026-05-19,未确认全球远程。,limited_or_unknown_reachability
Livongo,product_evidence,https://www.teladochealth.com/livongo,2026-05-19,Stage 2 categories: chronic_disease_management; internet_healthcare; remote_patient_monitoring,medium_stage2_evidence
Livongo,reachability_evidence,https://www.teladochealth.com/livongo,2026-05-19,未确认全球远程。,limited_or_unknown_reachability
"Teladoc Health, Inc.",product_evidence,https://www.sec.gov/edgar/browse/?CIK=1477449,2026-05-19,Stage 2 categories: chronic_disease_management; internet_healthcare; mental_health; remote_patient_monitoring,medium_stage2_evidence
"Teladoc Health, Inc.",reachability_evidence,https://www.teladochealth.com/,2026-05-19,未确认全球远程。,limited_or_unknown_reachability
中山瑞福医疗器械科技有限公司,product_evidence,https://udi.nmpa.gov.cn/showDetailCX.html?deviceRecordKey=ca378ffe533249bca57eb24c4317f7e3,2026-05-19,Stage 2 categories: chronic_disease_management,medium_stage2_evidence
中山瑞福医疗器械科技有限公司,reachability_evidence,https://udi.nmpa.gov.cn/showDetailCX.html?deviceRecordKey=ca378ffe533249bca57eb24c4317f7e3,2026-05-19,Stage 2 显示中国主体或中国城市。,strong_reachability
内特斯医疗系统DBA艾泰克有限公司,product_evidence,https://udi.nmpa.gov.cn/showDetailCX.html?deviceRecordKey=00382830027298202208310434215,2026-05-19,Stage 2 categories: sleep_health,medium_stage2_evidence
内特斯医疗系统DBA艾泰克有限公司,reachability_evidence,https://udi.nmpa.gov.cn/showDetailCX.html?deviceRecordKey=00382830027298202208310434215,2026-05-19,Stage 2 显示中国主体或中国城市。,strong_reachability
天津怡和嘉业医疗科技有限公司,product_evidence,https://udi.nmpa.gov.cn/showDetailCX.html?deviceRecordKey=5D6A46D9CFDD2650AD9CA4CBBD7F6D20,2026-05-19,Stage 2 categories: sleep_health,medium_stage2_evidence
天津怡和嘉业医疗科技有限公司,reachability_evidence,https://udi.nmpa.gov.cn/showDetailCX.html?deviceRecordKey=5D6A46D9CFDD2650AD9CA4CBBD7F6D20,2026-05-19,Stage 2 显示中国主体或中国城市。,strong_reachability
武汉市九头鸟医疗仪器开发有限公司,product_evidence,https://udi.nmpa.gov.cn/showDetailCX.html?deviceRecordKey=0697548329202720260418110923009,2026-05-19,Stage 2 categories: rehabilitation,medium_stage2_evidence
武汉市九头鸟医疗仪器开发有限公司,reachability_evidence,https://udi.nmpa.gov.cn/showDetailCX.html?deviceRecordKey=0697548329202720260418110923009,2026-05-19,Stage 2 显示中国主体或中国城市。,strong_reachability
深圳京柏医疗科技股份有限公司,product_evidence,https://udi.nmpa.gov.cn/showDetailCX.html?deviceRecordKey=0695174055061120260430020307433,2026-05-19,Stage 2 categories: rehabilitation,medium_stage2_evidence
深圳京柏医疗科技股份有限公司,reachability_evidence,https://udi.nmpa.gov.cn/showDetailCX.html?deviceRecordKey=0695174055061120260430020307433,2026-05-19,Stage 2 显示中国主体或中国城市。,strong_reachability
深圳市亚辉龙生物科技股份有限公司,product_evidence,https://udi.nmpa.gov.cn/showDetailCX.html?deviceRecordKey=1f59cb8b-b489-41ac-8ddf-c5f2d5198b24,2026-05-19,Stage 2 categories: chronic_disease_management,medium_stage2_evidence
深圳市亚辉龙生物科技股份有限公司,reachability_evidence,https://udi.nmpa.gov.cn/showDetailCX.html?deviceRecordKey=1f59cb8b-b489-41ac-8ddf-c5f2d5198b24,2026-05-19,Stage 2 显示中国主体或中国城市。,strong_reachability
深圳市伯劳特生物制品有限公司,product_evidence,https://udi.nmpa.gov.cn/showDetailCX.html?deviceRecordKey=0694076750016720240529031730243,2026-05-19,Stage 2 categories: chronic_disease_management,medium_stage2_evidence
深圳市伯劳特生物制品有限公司,reachability_evidence,https://udi.nmpa.gov.cn/showDetailCX.html?deviceRecordKey=0694076750016720240529031730243,2026-05-19,Stage 2 显示中国主体或中国城市。,strong_reachability
瑞海胜（厦门）康复用品有限公司,product_evidence,https://udi.nmpa.gov.cn/showDetailCX.html?deviceRecordKey=06975872081720202603040234192,2026-05-19,Stage 2 categories: rehabilitation,medium_stage2_evidence
瑞海胜（厦门）康复用品有限公司,reachability_evidence,https://udi.nmpa.gov.cn/showDetailCX.html?deviceRecordKey=06975872081720202603040234192,2026-05-19,Stage 2 显示中国主体或中国城市。,strong_reachability
美敦力糖尿病科技（成都）有限公司,product_evidence,https://udi.nmpa.gov.cn/showDetailCX.html?deviceRecordKey=0076300063270020230207115542933,2026-05-19,Stage 2 categories: chronic_disease_management,medium_stage2_evidence
美敦力糖尿病科技（成都）有限公司,reachability_evidence,https://udi.nmpa.gov.cn/showDetailCX.html?deviceRecordKey=0076300063270020230207115542933,2026-05-19,Stage 2 显示中国主体或中国城市。,strong_reachability
上海微创医疗机器人（集团）股份有限公司,product_evidence,https://udi.nmpa.gov.cn/showDetailCX.html?deviceRecordKey=0697162154189720250714111901457,2026-05-19,Stage 2 categories: remote_patient_monitoring,medium_stage2_evidence
上海微创医疗机器人（集团）股份有限公司,reachability_evidence,https://udi.nmpa.gov.cn/showDetailCX.html?deviceRecordKey=0697162154189720250714111901457,2026-05-19,Stage 2 显示中国主体或中国城市。,strong_reachability
上海远心医疗科技有限公司,product_evidence,https://udi.nmpa.gov.cn/showDetailCX.html?deviceRecordKey=0697830410015020251126054846763,2026-05-19,Stage 2 categories: remote_patient_monitoring; samd,medium_stage2_evidence
上海远心医疗科技有限公司,reachability_evidence,https://udi.nmpa.gov.cn/showDetailCX.html?deviceRecordKey=0697830410015020251126054846763,2026-05-19,Stage 2 显示中国主体或中国城市。,strong_reachability
北京新网医讯技术有限公司,product_evidence,https://udi.nmpa.gov.cn/showDetailCX.html?deviceRecordKey=06975940490058202301090405080,2026-05-19,Stage 2 categories: remote_patient_monitoring; samd,medium_stage2_evidence
北京新网医讯技术有限公司,reachability_evidence,https://udi.nmpa.gov.cn/showDetailCX.html?deviceRecordKey=06975940490058202301090405080,2026-05-19,Stage 2 显示中国主体或中国城市。,strong_reachability
北京锐视康科技发展有限公司,product_evidence,https://udi.nmpa.gov.cn/showDetailCX.html?deviceRecordKey=0697399055003620220429111501082,2026-05-19,Stage 2 categories: remote_patient_monitoring; samd,medium_stage2_evidence
北京锐视康科技发展有限公司,reachability_evidence,https://udi.nmpa.gov.cn/showDetailCX.html?deviceRecordKey=0697399055003620220429111501082,2026-05-19,Stage 2 显示中国主体或中国城市。,strong_reachability
合肥合滨智能机器人有限公司,product_evidence,https://udi.nmpa.gov.cn/showDetailCX.html?deviceRecordKey=0697545144001620240327110556534,2026-05-19,Stage 2 categories: clinical_workflow; remote_patient_monitoring,medium_stage2_evidence
合肥合滨智能机器人有限公司,reachability_evidence,https://udi.nmpa.gov.cn/showDetailCX.html?deviceRecordKey=0697545144001620240327110556534,2026-05-19,Stage 2 显示中国主体或中国城市。,strong_reachability
广西雅斯生物科技有限公司,product_evidence,https://udi.nmpa.gov.cn/showDetailCX.html?deviceRecordKey=16bcea9cc731422194ffa7c765da0323,2026-05-19,Stage 2 categories: remote_patient_monitoring,medium_stage2_evidence
广西雅斯生物科技有限公司,reachability_evidence,https://udi.nmpa.gov.cn/showDetailCX.html?deviceRecordKey=16bcea9cc731422194ffa7c765da0323,2026-05-19,Stage 2 显示中国主体或中国城市。,strong_reachability
景昱医疗科技（苏州）股份有限公司,product_evidence,https://udi.nmpa.gov.cn/showDetailCX.html?deviceRecordKey=0697037781066020250718070235628,2026-05-19,Stage 2 categories: clinical_workflow; online_consultation; remote_patient_monitoring; samd,medium_stage2_evidence
景昱医疗科技（苏州）股份有限公司,reachability_evidence,https://udi.nmpa.gov.cn/showDetailCX.html?deviceRecordKey=0697037781066020250718070235628,2026-05-19,Stage 2 显示中国主体或中国城市。,strong_reachability
深圳市美连医疗电子股份有限公司,product_evidence,https://udi.nmpa.gov.cn/showDetailCX.html?deviceRecordKey=1694441404251920260511110759856,2026-05-19,Stage 2 categories: remote_patient_monitoring,medium_stage2_evidence
深圳市美连医疗电子股份有限公司,reachability_evidence,https://udi.nmpa.gov.cn/showDetailCX.html?deviceRecordKey=1694441404251920260511110759856,2026-05-19,Stage 2 显示中国主体或中国城市。,strong_reachability
深圳星康医疗科技有限公司,product_evidence,https://udi.nmpa.gov.cn/showDetailCX.html?deviceRecordKey=0697521590151720260512042339217,2026-05-19,Stage 2 categories: clinical_workflow; remote_patient_monitoring; samd,medium_stage2_evidence
深圳星康医疗科技有限公司,reachability_evidence,https://udi.nmpa.gov.cn/showDetailCX.html?deviceRecordKey=0697521590151720260512042339217,2026-05-19,Stage 2 显示中国主体或中国城市。,strong_reachability
湖南朗开医疗科技有限公司,product_evidence,https://udi.nmpa.gov.cn/showDetailCX.html?deviceRecordKey=1697725918018420240314040805176,2026-05-19,Stage 2 categories: remote_patient_monitoring,medium_stage2_evidence
湖南朗开医疗科技有限公司,reachability_evidence,https://udi.nmpa.gov.cn/showDetailCX.html?deviceRecordKey=1697725918018420240314040805176,2026-05-19,Stage 2 显示中国主体或中国城市。,strong_reachability
维斯安（北京）医疗器械有限公司,product_evidence,https://udi.nmpa.gov.cn/showDetailCX.html?deviceRecordKey=3adb79ab002c4672af6070c9f3c1cf7b,2026-05-19,Stage 2 categories: remote_patient_monitoring,medium_stage2_evidence
维斯安（北京）医疗器械有限公司,reachability_evidence,https://udi.nmpa.gov.cn/showDetailCX.html?deviceRecordKey=3adb79ab002c4672af6070c9f3c1cf7b,2026-05-19,Stage 2 显示中国主体或中国城市。,strong_reachability
辽宁迪浩生物科技有限公司,product_evidence,https://udi.nmpa.gov.cn/showDetailCX.html?deviceRecordKey=a66841e0-6ec2-410b-aeec-aa0aea963e57,2026-05-19,Stage 2 categories: remote_patient_monitoring,medium_stage2_evidence
辽宁迪浩生物科技有限公司,reachability_evidence,https://udi.nmpa.gov.cn/showDetailCX.html?deviceRecordKey=a66841e0-6ec2-410b-aeec-aa0aea963e57,2026-05-19,Stage 2 显示中国主体或中国城市。,strong_reachability
"ACON Laboratories, Inc.",product_evidence,https://www.accessdata.fda.gov/scripts/cdrh/cfdocs/cfpmn/pmn.cfm?id=K101371,2026-05-19,Stage 2 categories: chronic_disease_management; remote_patient_monitoring; samd,medium_stage2_evidence
"ACON Laboratories, Inc.",reachability_evidence,https://www.accessdata.fda.gov/scripts/cdrh/cfdocs/cfpmn/pmn.cfm?id=K101371,2026-05-19,未确认全球远程。,limited_or_unknown_reachability
"Agamatrix, Inc.",product_evidence,https://www.accessdata.fda.gov/scripts/cdrh/cfdocs/cfpmn/pmn.cfm?id=K103544,2026-05-19,Stage 2 categories: chronic_disease_management; remote_patient_monitoring; samd,medium_stage2_evidence
"Agamatrix, Inc.",reachability_evidence,https://www.accessdata.fda.gov/scripts/cdrh/cfdocs/cfpmn/pmn.cfm?id=K103544,2026-05-19,未确认全球远程。,limited_or_unknown_reachability
Prosomnus Sleep Technologies,product_evidence,https://www.accessdata.fda.gov/scripts/cdrh/cfdocs/cfpmn/pmn.cfm?id=K221889,2026-05-19,Stage 2 categories: remote_patient_monitoring; sleep_health,medium_stage2_evidence
Prosomnus Sleep Technologies,reachability_evidence,https://www.accessdata.fda.gov/scripts/cdrh/cfdocs/cfpmn/pmn.cfm?id=K221889,2026-05-19,未确认全球远程。,limited_or_unknown_reachability
亳州融健医疗用品有限公司,product_evidence,https://udi.nmpa.gov.cn/showDetailCX.html?deviceRecordKey=06973774191615202604020500141,2026-05-19,Stage 2 categories: rehabilitation; samd,medium_stage2_evidence
亳州融健医疗用品有限公司,reachability_evidence,https://udi.nmpa.gov.cn/showDetailCX.html?deviceRecordKey=06973774191615202604020500141,2026-05-19,Stage 2 显示中国主体或中国城市。,strong_reachability
徐州市科健高新技术有限公司,product_evidence,https://udi.nmpa.gov.cn/showDetailCX.html?deviceRecordKey=06975283415138202205101045050,2026-05-19,Stage 2 categories: chronic_disease_management,medium_stage2_evidence
徐州市科健高新技术有限公司,reachability_evidence,https://udi.nmpa.gov.cn/showDetailCX.html?deviceRecordKey=06975283415138202205101045050,2026-05-19,Stage 2 显示中国主体或中国城市。,strong_reachability
河北深灵医疗科技有限公司,product_evidence,https://udi.nmpa.gov.cn/showDetailCX.html?deviceRecordKey=0697758417001320250519034302079,2026-05-19,Stage 2 categories: sleep_health,medium_stage2_evidence
河北深灵医疗科技有限公司,reachability_evidence,https://udi.nmpa.gov.cn/showDetailCX.html?deviceRecordKey=0697758417001320250519034302079,2026-05-19,Stage 2 显示中国主体或中国城市。,strong_reachability
海南齐佳智能科技有限公司,product_evidence,https://udi.nmpa.gov.cn/showDetailCX.html?deviceRecordKey=895bdefe706046a3bb310582ade31a21,2026-05-19,Stage 2 categories: mental_health; rehabilitation; samd,medium_stage2_evidence
海南齐佳智能科技有限公司,reachability_evidence,https://udi.nmpa.gov.cn/showDetailCX.html?deviceRecordKey=895bdefe706046a3bb310582ade31a21,2026-05-19,Stage 2 显示中国主体或中国城市。,strong_reachability
海口安至科技有限公司,product_evidence,https://udi.nmpa.gov.cn/showDetailCX.html?deviceRecordKey=0697723824006220250623012627084,2026-05-19,Stage 2 categories: sleep_health,medium_stage2_evidence
海口安至科技有限公司,reachability_evidence,https://udi.nmpa.gov.cn/showDetailCX.html?deviceRecordKey=0697723824006220250623012627084,2026-05-19,Stage 2 显示中国主体或中国城市。,strong_reachability
深圳市昭蓝生物科技有限公司,product_evidence,https://udi.nmpa.gov.cn/showDetailCX.html?deviceRecordKey=06973880810523202310110930463,2026-05-19,Stage 2 categories: chronic_disease_management,medium_stage2_evidence
深圳市昭蓝生物科技有限公司,reachability_evidence,https://udi.nmpa.gov.cn/showDetailCX.html?deviceRecordKey=06973880810523202310110930463,2026-05-19,Stage 2 显示中国主体或中国城市。,strong_reachability
深圳市艾利特医疗科技有限公司,product_evidence,https://udi.nmpa.gov.cn/showDetailCX.html?deviceRecordKey=0697070604106220250928113343202,2026-05-19,Stage 2 categories: mental_health,medium_stage2_evidence
深圳市艾利特医疗科技有限公司,reachability_evidence,https://udi.nmpa.gov.cn/showDetailCX.html?deviceRecordKey=0697070604106220250928113343202,2026-05-19,Stage 2 显示中国主体或中国城市。,strong_reachability
赛尔生物,product_evidence,https://udi.nmpa.gov.cn/showDetailCX.html?deviceRecordKey=06975491760105202206230544050,2026-05-19,Stage 2 categories: chronic_disease_management,medium_stage2_evidence
赛尔生物,reachability_evidence,https://udi.nmpa.gov.cn/showDetailCX.html?deviceRecordKey=06975491760105202206230544050,2026-05-19,Stage 2 显示中国主体或中国城市。,strong_reachability
长沙奥科维电子有限公司,product_evidence,https://udi.nmpa.gov.cn/showDetailCX.html?deviceRecordKey=0697621210001920230423020207567,2026-05-19,Stage 2 categories: chronic_disease_management,medium_stage2_evidence
长沙奥科维电子有限公司,reachability_evidence,https://udi.nmpa.gov.cn/showDetailCX.html?deviceRecordKey=0697621210001920230423020207567,2026-05-19,Stage 2 显示中国主体或中国城市。,strong_reachability
"Dexcom, Inc.",product_evidence,https://www.accessdata.fda.gov/scripts/cdrh/cfdocs/cfpmn/pmn.cfm?id=K192787,2026-05-19,Stage 2 categories: remote_patient_monitoring,medium_stage2_evidence
"Dexcom, Inc.",reachability_evidence,https://www.accessdata.fda.gov/scripts/cdrh/cfdocs/cfpmn/pmn.cfm?id=K192787,2026-05-19,未确认全球远程。,limited_or_unknown_reachability
Doctolib,product_evidence,https://connect.doctolib.com/about-doctolib,2026-05-19,Stage 2 categories: online_consultation; remote_patient_monitoring,medium_stage2_evidence
Doctolib,reachability_evidence,https://www.doctolib.fr/,2026-05-19,未确认全球远程。,limited_or_unknown_reachability
Hewlett-Packard GmbH,product_evidence,https://www.accessdata.fda.gov/scripts/cdrh/cfdocs/cfpmn/pmn.cfm?id=K991773,2026-05-19,Stage 2 categories: remote_patient_monitoring,medium_stage2_evidence
Hewlett-Packard GmbH,reachability_evidence,https://www.accessdata.fda.gov/scripts/cdrh/cfdocs/cfpmn/pmn.cfm?id=K991773,2026-05-19,未确认全球远程。,limited_or_unknown_reachability
健客,product_evidence,https://www.jianke.com/,2026-05-19,Stage 2 categories: internet_healthcare; pharmacy_ecommerce,medium_stage2_evidence
健客,reachability_evidence,https://www.jianke.com/,2026-05-19,Stage 2 显示中国主体或中国城市。,strong_reachability
微脉,product_evidence,https://www.myweimai.com/,2026-05-19,Stage 2 categories: health_management_platform; internet_healthcare; patient_engagement,medium_stage2_evidence
微脉,reachability_evidence,https://www.myweimai.com/,2026-05-19,Stage 2 显示中国主体或中国城市。,strong_reachability
Akili,product_evidence,https://dtxalliance.org/members/akili-interactive/,2026-05-19,Stage 2 categories: digital_therapeutics; mental_health,medium_stage2_evidence
Akili,reachability_evidence,https://www.akiliinteractive.com/,2026-05-19,未确认全球远程。,limited_or_unknown_reachability
Bio-Rad Laboratories,product_evidence,https://www.accessdata.fda.gov/scripts/cdrh/cfdocs/cfpmn/pmn.cfm?id=K070546,2026-05-19,Stage 2 categories: chronic_disease_management,medium_stage2_evidence
Bio-Rad Laboratories,reachability_evidence,https://www.accessdata.fda.gov/scripts/cdrh/cfdocs/cfpmn/pmn.cfm?id=K070546,2026-05-19,未确认全球远程。,limited_or_unknown_reachability
"Impact Applications, Inc.",product_evidence,https://www.accessdata.fda.gov/scripts/cdrh/cfdocs/cfpmn/pmn.cfm?id=K181223,2026-05-19,Stage 2 categories: mental_health,medium_stage2_evidence
"Impact Applications, Inc.",reachability_evidence,https://www.accessdata.fda.gov/scripts/cdrh/cfdocs/cfpmn/pmn.cfm?id=K181223,2026-05-19,未确认全球远程。,limited_or_unknown_reachability
"Lifescan, Inc.",product_evidence,https://www.accessdata.fda.gov/scripts/cdrh/cfdocs/cfpmn/pmn.cfm?id=K120558,2026-05-19,Stage 2 categories: chronic_disease_management; samd,medium_stage2_evidence
"Lifescan, Inc.",reachability_evidence,https://www.accessdata.fda.gov/scripts/cdrh/cfdocs/cfpmn/pmn.cfm?id=K120558,2026-05-19,未确认全球远程。,limited_or_unknown_reachability
medrhythms,product_evidence,https://dtxalliance.org/members/medrhythms/,2026-05-19,Stage 2 categories: digital_therapeutics; rehabilitation,medium_stage2_evidence
medrhythms,reachability_evidence,https://www.medrhythms.com/,2026-05-19,未确认全球远程。,limited_or_unknown_reachability
Mindmaze SA,product_evidence,https://www.accessdata.fda.gov/scripts/cdrh/cfdocs/cfpmn/pmn.cfm?id=K173931,2026-05-19,Stage 2 categories: digital_therapeutics; rehabilitation; samd,medium_stage2_evidence
Mindmaze SA,reachability_evidence,https://www.mindmaze.com/,2026-05-19,未确认全球远程。,limited_or_unknown_reachability
"Quinton, Inc.",product_evidence,https://www.accessdata.fda.gov/scripts/cdrh/cfdocs/cfpmn/pmn.cfm?id=K864949,2026-05-19,Stage 2 categories: rehabilitation,medium_stage2_evidence
"Quinton, Inc.",reachability_evidence,https://www.accessdata.fda.gov/scripts/cdrh/cfdocs/cfpmn/pmn.cfm?id=K864949,2026-05-19,未确认全球远程。,limited_or_unknown_reachability
Voluntis Sa.,product_evidence,https://www.accessdata.fda.gov/scripts/cdrh/cfdocs/cfpmn/pmn.cfm?id=K170669,2026-05-19,Stage 2 categories: chronic_disease_management; digital_therapeutics; samd,medium_stage2_evidence
Voluntis Sa.,reachability_evidence,https://www.aptardigitalhealth.com/,2026-05-19,未确认全球远程。,limited_or_unknown_reachability
上海联影智能科技股份有限公司,product_evidence,https://udi.nmpa.gov.cn/showDetailCX.html?deviceRecordKey=0697419760002920220614032338768,2026-05-19,Stage 2 categories: clinical_workflow; health_management_platform; patient_engagement; samd,medium_stage2_evidence
上海联影智能科技股份有限公司,reachability_evidence,https://udi.nmpa.gov.cn/showDetailCX.html?deviceRecordKey=0697419760002920220614032338768,2026-05-19,Stage 2 显示中国主体或中国城市。,strong_reachability
Amwell,product_evidence,https://business.amwell.com/,2026-05-19,Stage 2 categories: internet_healthcare; remote_patient_monitoring,medium_stage2_evidence
Amwell,reachability_evidence,https://business.amwell.com/,2026-05-19,未确认全球远程。,limited_or_unknown_reachability
"Arzco Medical Electronics, Inc.",product_evidence,https://www.accessdata.fda.gov/scripts/cdrh/cfdocs/cfpmn/pmn.cfm?id=K904943,2026-05-19,Stage 2 categories: remote_patient_monitoring,medium_stage2_evidence
"Arzco Medical Electronics, Inc.",reachability_evidence,https://www.accessdata.fda.gov/scripts/cdrh/cfdocs/cfpmn/pmn.cfm?id=K904943,2026-05-19,未确认全球远程。,limited_or_unknown_reachability
Babylon Health,product_evidence,https://www.babylonhealth.com/,2026-05-19,Stage 2 categories: internet_healthcare; remote_patient_monitoring,medium_stage2_evidence
Babylon Health,reachability_evidence,https://www.babylonhealth.com/,2026-05-19,未确认全球远程。,limited_or_unknown_reachability
Bd Becton Dickinson Vacutainer Systems Preanalytic,product_evidence,https://www.accessdata.fda.gov/scripts/cdrh/cfdocs/cfpmn/pmn.cfm?id=K780939,2026-05-19,Stage 2 categories: remote_patient_monitoring,medium_stage2_evidence
Bd Becton Dickinson Vacutainer Systems Preanalytic,reachability_evidence,https://www.accessdata.fda.gov/scripts/cdrh/cfdocs/cfpmn/pmn.cfm?id=K780939,2026-05-19,未确认全球远程。,limited_or_unknown_reachability
"Boston Scientific Cardiac Diagnostic Technologies, Inc.",product_evidence,https://www.accessdata.fda.gov/scripts/cdrh/cfdocs/cfpmn/pmn.cfm?id=K243349,2026-05-19,Stage 2 categories: remote_patient_monitoring,medium_stage2_evidence
"Boston Scientific Cardiac Diagnostic Technologies, Inc.",reachability_evidence,https://www.accessdata.fda.gov/scripts/cdrh/cfdocs/cfpmn/pmn.cfm?id=K243349,2026-05-19,未确认全球远程。,limited_or_unknown_reachability
"Cambridge Heart, Inc.",product_evidence,https://www.accessdata.fda.gov/scripts/cdrh/cfdocs/cfpmn/pmn.cfm?id=K983102,2026-05-19,Stage 2 categories: remote_patient_monitoring,medium_stage2_evidence
"Cambridge Heart, Inc.",reachability_evidence,https://www.accessdata.fda.gov/scripts/cdrh/cfdocs/cfpmn/pmn.cfm?id=K983102,2026-05-19,未确认全球远程。,limited_or_unknown_reachability
Capsule Technologie Sas,product_evidence,https://www.accessdata.fda.gov/scripts/cdrh/cfdocs/cfpmn/pmn.cfm?id=K200856,2026-05-19,Stage 2 categories: remote_patient_monitoring,medium_stage2_evidence
Capsule Technologie Sas,reachability_evidence,https://www.accessdata.fda.gov/scripts/cdrh/cfdocs/cfpmn/pmn.cfm?id=K200856,2026-05-19,未确认全球远程。,limited_or_unknown_reachability
Cedars-Sinai Medical Center,product_evidence,https://www.accessdata.fda.gov/scripts/cdrh/cfdocs/cfpmn/pmn.cfm?id=K172609,2026-05-19,Stage 2 categories: remote_patient_monitoring,medium_stage2_evidence
Cedars-Sinai Medical Center,reachability_evidence,https://www.accessdata.fda.gov/scripts/cdrh/cfdocs/cfpmn/pmn.cfm?id=K172609,2026-05-19,未确认全球远程。,limited_or_unknown_reachability
Conmedcorp,product_evidence,https://www.accessdata.fda.gov/scripts/cdrh/cfdocs/cfpmn/pmn.cfm?id=K963787,2026-05-19,Stage 2 categories: remote_patient_monitoring,medium_stage2_evidence
Conmedcorp,reachability_evidence,https://www.accessdata.fda.gov/scripts/cdrh/cfdocs/cfpmn/pmn.cfm?id=K963787,2026-05-19,未确认全球远程。,limited_or_unknown_reachability
"Conphar, Inc.",product_evidence,https://www.accessdata.fda.gov/scripts/cdrh/cfdocs/cfpmn/pmn.cfm?id=K813385,2026-05-19,Stage 2 categories: remote_patient_monitoring,medium_stage2_evidence
"Conphar, Inc.",reachability_evidence,https://www.accessdata.fda.gov/scripts/cdrh/cfdocs/cfpmn/pmn.cfm?id=K813385,2026-05-19,未确认全球远程。,limited_or_unknown_reachability
"Corventis, Inc.",product_evidence,https://www.accessdata.fda.gov/scripts/cdrh/cfdocs/cfpmn/pmn.cfm?id=K090696,2026-05-19,Stage 2 categories: health_management_platform; patient_engagement; remote_patient_monitoring,medium_stage2_evidence
"Corventis, Inc.",reachability_evidence,https://www.accessdata.fda.gov/scripts/cdrh/cfdocs/cfpmn/pmn.cfm?id=K090696,2026-05-19,未确认全球远程。,limited_or_unknown_reachability
Current Health,product_evidence,https://currenthealth.com/,2026-05-19,Stage 2 categories: remote_patient_monitoring,medium_stage2_evidence
Current Health,reachability_evidence,https://currenthealth.com/,2026-05-19,未确认全球远程。,limited_or_unknown_reachability
Diagnostic Monitoring Software,product_evidence,https://www.accessdata.fda.gov/scripts/cdrh/cfdocs/cfpmn/pmn.cfm?id=K133014,2026-05-19,Stage 2 categories: remote_patient_monitoring,medium_stage2_evidence
Diagnostic Monitoring Software,reachability_evidence,https://www.accessdata.fda.gov/scripts/cdrh/cfdocs/cfpmn/pmn.cfm?id=K133014,2026-05-19,未确认全球远程。,limited_or_unknown_reachability
"Galix Biomedical Instrumentation, Inc.",product_evidence,https://www.accessdata.fda.gov/scripts/cdrh/cfdocs/cfpmn/pmn.cfm?id=K971670,2026-05-19,Stage 2 categories: remote_patient_monitoring,medium_stage2_evidence
"Galix Biomedical Instrumentation, Inc.",reachability_evidence,https://www.accessdata.fda.gov/scripts/cdrh/cfdocs/cfpmn/pmn.cfm?id=K971670,2026-05-19,未确认全球远程。,limited_or_unknown_reachability
"General Life Biotechnology Co., Ltd.",product_evidence,https://www.accessdata.fda.gov/scripts/cdrh/cfdocs/cfpmn/pmn.cfm?id=K123090,2026-05-19,Stage 2 categories: remote_patient_monitoring,medium_stage2_evidence
"General Life Biotechnology Co., Ltd.",reachability_evidence,https://www.accessdata.fda.gov/scripts/cdrh/cfdocs/cfpmn/pmn.cfm?id=K123090,2026-05-19,未确认全球远程。,limited_or_unknown_reachability
"Infopia Co, Ltd.",product_evidence,https://www.accessdata.fda.gov/scripts/cdrh/cfdocs/cfpmn/pmn.cfm?id=K132406,2026-05-19,Stage 2 categories: remote_patient_monitoring,medium_stage2_evidence
"Infopia Co, Ltd.",reachability_evidence,https://www.accessdata.fda.gov/scripts/cdrh/cfdocs/cfpmn/pmn.cfm?id=K132406,2026-05-19,未确认全球远程。,limited_or_unknown_reachability
Instrumentation Laboratory CO,product_evidence,https://www.accessdata.fda.gov/scripts/cdrh/cfdocs/cfpmn/pmn.cfm?id=K771977,2026-05-19,Stage 2 categories: remote_patient_monitoring,medium_stage2_evidence
Instrumentation Laboratory CO,reachability_evidence,https://www.accessdata.fda.gov/scripts/cdrh/cfdocs/cfpmn/pmn.cfm?id=K771977,2026-05-19,未确认全球远程。,limited_or_unknown_reachability
"Lawrence Medical Systems, Inc.",product_evidence,https://www.accessdata.fda.gov/scripts/cdrh/cfdocs/cfpmn/pmn.cfm?id=K874885,2026-05-19,Stage 2 categories: remote_patient_monitoring,medium_stage2_evidence
"Lawrence Medical Systems, Inc.",reachability_evidence,https://www.accessdata.fda.gov/scripts/cdrh/cfdocs/cfpmn/pmn.cfm?id=K874885,2026-05-19,未确认全球远程。,limited_or_unknown_reachability
"Macon & Co., Inc.",product_evidence,https://www.accessdata.fda.gov/scripts/cdrh/cfdocs/cfpmn/pmn.cfm?id=K902802,2026-05-19,Stage 2 categories: remote_patient_monitoring,medium_stage2_evidence
"Macon & Co., Inc.",reachability_evidence,https://www.accessdata.fda.gov/scripts/cdrh/cfdocs/cfpmn/pmn.cfm?id=K902802,2026-05-19,未确认全球远程。,limited_or_unknown_reachability
Microlife Intellectual Property GmbH,product_evidence,https://www.accessdata.fda.gov/scripts/cdrh/cfdocs/cfpmn/pmn.cfm?id=K171937,2026-05-19,Stage 2 categories: remote_patient_monitoring,medium_stage2_evidence
Microlife Intellectual Property GmbH,reachability_evidence,https://www.accessdata.fda.gov/scripts/cdrh/cfdocs/cfpmn/pmn.cfm?id=K171937,2026-05-19,未确认全球远程。,limited_or_unknown_reachability
"Murata Vios, Inc.",product_evidence,https://www.accessdata.fda.gov/scripts/cdrh/cfdocs/cfpmn/pmn.cfm?id=K241728,2026-05-19,Stage 2 categories: remote_patient_monitoring; samd,medium_stage2_evidence
"Murata Vios, Inc.",reachability_evidence,https://www.accessdata.fda.gov/scripts/cdrh/cfdocs/cfpmn/pmn.cfm?id=K241728,2026-05-19,未确认全球远程。,limited_or_unknown_reachability
"Nikomed U.S.A., Inc.",product_evidence,https://www.accessdata.fda.gov/scripts/cdrh/cfdocs/cfpmn/pmn.cfm?id=K950473,2026-05-19,Stage 2 categories: remote_patient_monitoring,medium_stage2_evidence
"Nikomed U.S.A., Inc.",reachability_evidence,https://www.accessdata.fda.gov/scripts/cdrh/cfdocs/cfpmn/pmn.cfm?id=K950473,2026-05-19,未确认全球远程。,limited_or_unknown_reachability
Omega Critical Care Limited,product_evidence,https://www.accessdata.fda.gov/scripts/cdrh/cfdocs/cfpmn/pmn.cfm?id=K081776,2026-05-19,Stage 2 categories: remote_patient_monitoring,medium_stage2_evidence
Omega Critical Care Limited,reachability_evidence,https://www.accessdata.fda.gov/scripts/cdrh/cfdocs/cfpmn/pmn.cfm?id=K081776,2026-05-19,未确认全球远程。,limited_or_unknown_reachability
"Paceart, Inc.",product_evidence,https://www.accessdata.fda.gov/scripts/cdrh/cfdocs/cfpmn/pmn.cfm?id=K012407,2026-05-19,Stage 2 categories: remote_patient_monitoring,medium_stage2_evidence
"Paceart, Inc.",reachability_evidence,https://www.accessdata.fda.gov/scripts/cdrh/cfdocs/cfpmn/pmn.cfm?id=K012407,2026-05-19,未确认全球远程。,limited_or_unknown_reachability
"Philips Medical Systems, Inc.",product_evidence,https://www.accessdata.fda.gov/scripts/cdrh/cfdocs/cfpmn/pmn.cfm?id=K922622,2026-05-19,Stage 2 categories: remote_patient_monitoring,medium_stage2_evidence
"Philips Medical Systems, Inc.",reachability_evidence,https://www.accessdata.fda.gov/scripts/cdrh/cfdocs/cfpmn/pmn.cfm?id=K922622,2026-05-19,未确认全球远程。,limited_or_unknown_reachability
"Ppg Industries, Inc.",product_evidence,https://www.accessdata.fda.gov/scripts/cdrh/cfdocs/cfpmn/pmn.cfm?id=K912627,2026-05-19,Stage 2 categories: remote_patient_monitoring,medium_stage2_evidence
"Ppg Industries, Inc.",reachability_evidence,https://www.accessdata.fda.gov/scripts/cdrh/cfdocs/cfpmn/pmn.cfm?id=K912627,2026-05-19,未确认全球远程。,limited_or_unknown_reachability
R D Intl.,product_evidence,https://www.accessdata.fda.gov/scripts/cdrh/cfdocs/cfpmn/pmn.cfm?id=K960312,2026-05-19,Stage 2 categories: remote_patient_monitoring,medium_stage2_evidence
R D Intl.,reachability_evidence,https://www.accessdata.fda.gov/scripts/cdrh/cfdocs/cfpmn/pmn.cfm?id=K960312,2026-05-19,未确认全球远程。,limited_or_unknown_reachability
R2 Corp.,product_evidence,https://www.accessdata.fda.gov/scripts/cdrh/cfdocs/cfpmn/pmn.cfm?id=K832516,2026-05-19,Stage 2 categories: remote_patient_monitoring,medium_stage2_evidence
R2 Corp.,reachability_evidence,https://www.accessdata.fda.gov/scripts/cdrh/cfdocs/cfpmn/pmn.cfm?id=K832516,2026-05-19,未确认全球远程。,limited_or_unknown_reachability
Roche Diagnostics,product_evidence,https://www.accessdata.fda.gov/scripts/cdrh/cfdocs/cfpmn/pmn.cfm?id=K121679,2026-05-19,Stage 2 categories: remote_patient_monitoring,medium_stage2_evidence
Roche Diagnostics,reachability_evidence,https://www.accessdata.fda.gov/scripts/cdrh/cfdocs/cfpmn/pmn.cfm?id=K121679,2026-05-19,未确认全球远程。,limited_or_unknown_reachability
Sk Med,product_evidence,https://www.accessdata.fda.gov/scripts/cdrh/cfdocs/cfpmn/pmn.cfm?id=K031860,2026-05-19,Stage 2 categories: remote_patient_monitoring,medium_stage2_evidence
Sk Med,reachability_evidence,https://www.accessdata.fda.gov/scripts/cdrh/cfdocs/cfpmn/pmn.cfm?id=K031860,2026-05-19,未确认全球远程。,limited_or_unknown_reachability
Tomtec Imaging Systems GmbH,product_evidence,https://www.accessdata.fda.gov/scripts/cdrh/cfdocs/cfpmn/pmn.cfm?id=K090461,2026-05-19,Stage 2 categories: remote_patient_monitoring; samd,medium_stage2_evidence
Tomtec Imaging Systems GmbH,reachability_evidence,https://www.accessdata.fda.gov/scripts/cdrh/cfdocs/cfpmn/pmn.cfm?id=K090461,2026-05-19,未确认全球远程。,limited_or_unknown_reachability
"Zoe Medical, Inc.",product_evidence,https://www.accessdata.fda.gov/scripts/cdrh/cfdocs/cfpmn/pmn.cfm?id=K130740,2026-05-19,Stage 2 categories: remote_patient_monitoring,medium_stage2_evidence
"Zoe Medical, Inc.",reachability_evidence,https://www.accessdata.fda.gov/scripts/cdrh/cfdocs/cfpmn/pmn.cfm?id=K130740,2026-05-19,未确认全球远程。,limited_or_unknown_reachability
Abbott Laboratories,product_evidence,https://www.accessdata.fda.gov/scripts/cdrh/cfdocs/cfpmn/pmn.cfm?id=K001993,2026-05-19,Stage 2 categories: chronic_disease_management,medium_stage2_evidence
Abbott Laboratories,reachability_evidence,https://www.accessdata.fda.gov/scripts/cdrh/cfdocs/cfpmn/pmn.cfm?id=K001993,2026-05-19,未确认全球远程。,limited_or_unknown_reachability
"Advanced Brain Monitoring, Inc.",product_evidence,https://www.accessdata.fda.gov/scripts/cdrh/cfdocs/cfpmn/pmn.cfm?id=K120450,2026-05-19,Stage 2 categories: sleep_health,medium_stage2_evidence
"Advanced Brain Monitoring, Inc.",reachability_evidence,https://www.accessdata.fda.gov/scripts/cdrh/cfdocs/cfpmn/pmn.cfm?id=K120450,2026-05-19,未确认全球远程。,limited_or_unknown_reachability
Animas Corp.,product_evidence,https://www.accessdata.fda.gov/scripts/cdrh/cfdocs/cfpmn/pmn.cfm?id=K063674,2026-05-19,Stage 2 categories: chronic_disease_management; samd,medium_stage2_evidence
Animas Corp.,reachability_evidence,https://www.accessdata.fda.gov/scripts/cdrh/cfdocs/cfpmn/pmn.cfm?id=K063674,2026-05-19,未确认全球远程。,limited_or_unknown_reachability
"Apnicure, Inc.",product_evidence,https://www.accessdata.fda.gov/scripts/cdrh/cfdocs/cfpmn/pmn.cfm?id=K130538,2026-05-19,Stage 2 categories: sleep_health,medium_stage2_evidence
"Apnicure, Inc.",reachability_evidence,https://www.accessdata.fda.gov/scripts/cdrh/cfdocs/cfpmn/pmn.cfm?id=K130538,2026-05-19,未确认全球远程。,limited_or_unknown_reachability
"Apple, Inc.",product_evidence,https://www.accessdata.fda.gov/scripts/cdrh/cfdocs/cfpmn/pmn.cfm?id=K240929,2026-05-19,Stage 2 categories: sleep_health,medium_stage2_evidence
"Apple, Inc.",reachability_evidence,https://www.accessdata.fda.gov/scripts/cdrh/cfdocs/cfpmn/pmn.cfm?id=K240929,2026-05-19,未确认全球远程。,limited_or_unknown_reachability
"Argus Cognitive, Inc.",product_evidence,https://www.accessdata.fda.gov/scripts/cdrh/cfdocs/cfpmn/pmn.cfm?id=K223322,2026-05-19,Stage 2 categories: mental_health; samd,medium_stage2_evidence
"Argus Cognitive, Inc.",reachability_evidence,https://www.accessdata.fda.gov/scripts/cdrh/cfdocs/cfpmn/pmn.cfm?id=K223322,2026-05-19,未确认全球远程。,limited_or_unknown_reachability
"Arkray Factory USA, Inc.",product_evidence,https://www.accessdata.fda.gov/scripts/cdrh/cfdocs/cfpmn/pmn.cfm?id=K093819,2026-05-19,Stage 2 categories: chronic_disease_management; samd,medium_stage2_evidence
"Arkray Factory USA, Inc.",reachability_evidence,https://www.accessdata.fda.gov/scripts/cdrh/cfdocs/cfpmn/pmn.cfm?id=K093819,2026-05-19,未确认全球远程。,limited_or_unknown_reachability
"Bayer Healthcare, LLC",product_evidence,https://www.accessdata.fda.gov/scripts/cdrh/cfdocs/cfpmn/pmn.cfm?id=K082486,2026-05-19,Stage 2 categories: chronic_disease_management; samd,medium_stage2_evidence
"Bayer Healthcare, LLC",reachability_evidence,https://www.accessdata.fda.gov/scripts/cdrh/cfdocs/cfpmn/pmn.cfm?id=K082486,2026-05-19,未确认全球远程。,limited_or_unknown_reachability
Bemco Mattress Co.,product_evidence,https://www.accessdata.fda.gov/scripts/cdrh/cfdocs/cfpmn/pmn.cfm?id=K834344,2026-05-19,Stage 2 categories: sleep_health,medium_stage2_evidence
Bemco Mattress Co.,reachability_evidence,https://www.accessdata.fda.gov/scripts/cdrh/cfdocs/cfpmn/pmn.cfm?id=K834344,2026-05-19,未确认全球远程。,limited_or_unknown_reachability
Bio-Rad,product_evidence,https://www.accessdata.fda.gov/scripts/cdrh/cfdocs/cfpmn/pmn.cfm?id=K052838,2026-05-19,Stage 2 categories: chronic_disease_management,medium_stage2_evidence
Bio-Rad,reachability_evidence,https://www.accessdata.fda.gov/scripts/cdrh/cfdocs/cfpmn/pmn.cfm?id=K052838,2026-05-19,未确认全球远程。,limited_or_unknown_reachability
"Bioness, Inc.",product_evidence,https://www.accessdata.fda.gov/scripts/cdrh/cfdocs/cfpmn/pmn.cfm?id=K123636,2026-05-19,Stage 2 categories: rehabilitation,medium_stage2_evidence
"Bioness, Inc.",reachability_evidence,https://www.accessdata.fda.gov/scripts/cdrh/cfdocs/cfpmn/pmn.cfm?id=K123636,2026-05-19,未确认全球远程。,limited_or_unknown_reachability
Bionime Corporation,product_evidence,https://www.accessdata.fda.gov/scripts/cdrh/cfdocs/cfpmn/pmn.cfm?id=K113007,2026-05-19,Stage 2 categories: chronic_disease_management,medium_stage2_evidence
Bionime Corporation,reachability_evidence,https://www.accessdata.fda.gov/scripts/cdrh/cfdocs/cfpmn/pmn.cfm?id=K113007,2026-05-19,未确认全球远程。,limited_or_unknown_reachability
Cara Care,product_evidence,https://cara.care/,2026-05-19,Stage 2 categories: chronic_disease_management,medium_stage2_evidence
Cara Care,reachability_evidence,https://cara.care/,2026-05-19,未确认全球远程。,limited_or_unknown_reachability
"Cereve, Inc.",product_evidence,https://www.accessdata.fda.gov/scripts/cdrh/cfdocs/cfpmn/pmn.cfm?id=DEN140032,2026-05-19,Stage 2 categories: sleep_health,medium_stage2_evidence
"Cereve, Inc.",reachability_evidence,https://www.accessdata.fda.gov/scripts/cdrh/cfdocs/cfpmn/pmn.cfm?id=DEN140032,2026-05-19,未确认全球远程。,limited_or_unknown_reachability
Craniofacial Pain Center of Idaho,product_evidence,https://www.accessdata.fda.gov/scripts/cdrh/cfdocs/cfpmn/pmn.cfm?id=K082849,2026-05-19,Stage 2 categories: sleep_health,medium_stage2_evidence
Craniofacial Pain Center of Idaho,reachability_evidence,https://www.accessdata.fda.gov/scripts/cdrh/cfdocs/cfpmn/pmn.cfm?id=K082849,2026-05-19,未确认全球远程。,limited_or_unknown_reachability
Cybex,product_evidence,https://www.accessdata.fda.gov/scripts/cdrh/cfdocs/cfpmn/pmn.cfm?id=K843739,2026-05-19,Stage 2 categories: rehabilitation,medium_stage2_evidence
Cybex,reachability_evidence,https://www.accessdata.fda.gov/scripts/cdrh/cfdocs/cfpmn/pmn.cfm?id=K843739,2026-05-19,未确认全球远程。,limited_or_unknown_reachability
Diamond Orthotic Laboratory,product_evidence,https://www.accessdata.fda.gov/scripts/cdrh/cfdocs/cfpmn/pmn.cfm?id=K202499,2026-05-19,Stage 2 categories: sleep_health,medium_stage2_evidence
Diamond Orthotic Laboratory,reachability_evidence,https://www.accessdata.fda.gov/scripts/cdrh/cfdocs/cfpmn/pmn.cfm?id=K202499,2026-05-19,未确认全球远程。,limited_or_unknown_reachability
Dynadx Corporation,product_evidence,https://www.accessdata.fda.gov/scripts/cdrh/cfdocs/cfpmn/pmn.cfm?id=K070855,2026-05-19,Stage 2 categories: sleep_health,medium_stage2_evidence
Dynadx Corporation,reachability_evidence,https://www.accessdata.fda.gov/scripts/cdrh/cfdocs/cfpmn/pmn.cfm?id=K070855,2026-05-19,未确认全球远程。,limited_or_unknown_reachability
E-San Limited,product_evidence,https://www.accessdata.fda.gov/scripts/cdrh/cfdocs/cfpmn/pmn.cfm?id=K061328,2026-05-19,Stage 2 categories: chronic_disease_management,medium_stage2_evidence
E-San Limited,reachability_evidence,https://www.accessdata.fda.gov/scripts/cdrh/cfdocs/cfpmn/pmn.cfm?id=K061328,2026-05-19,未确认全球远程。,limited_or_unknown_reachability
Ergoline GmbH,product_evidence,https://www.accessdata.fda.gov/scripts/cdrh/cfdocs/cfpmn/pmn.cfm?id=K212883,2026-05-19,Stage 2 categories: rehabilitation,medium_stage2_evidence
Ergoline GmbH,reachability_evidence,https://www.accessdata.fda.gov/scripts/cdrh/cfdocs/cfpmn/pmn.cfm?id=K212883,2026-05-19,未确认全球远程。,limited_or_unknown_reachability
"Happiest Baby, Inc.",product_evidence,https://www.accessdata.fda.gov/scripts/cdrh/cfdocs/cfpmn/pmn.cfm?id=DEN210039,2026-05-19,Stage 2 categories: sleep_health,medium_stage2_evidence
"Happiest Baby, Inc.",reachability_evidence,https://www.accessdata.fda.gov/scripts/cdrh/cfdocs/cfpmn/pmn.cfm?id=DEN210039,2026-05-19,未确认全球远程。,limited_or_unknown_reachability
HelloBetter,product_evidence,https://hellobetter.de/,2026-05-19,Stage 2 categories: digital_therapeutics; mental_health,medium_stage2_evidence
HelloBetter,reachability_evidence,https://hellobetter.de/,2026-05-19,未确认全球远程。,limited_or_unknown_reachability
"Hill-Rom, Inc.",product_evidence,https://www.accessdata.fda.gov/scripts/cdrh/cfdocs/cfpmn/pmn.cfm?id=K945729,2026-05-19,Stage 2 categories: sleep_health,medium_stage2_evidence
"Hill-Rom, Inc.",reachability_evidence,https://www.accessdata.fda.gov/scripts/cdrh/cfdocs/cfpmn/pmn.cfm?id=K945729,2026-05-19,未确认全球远程。,limited_or_unknown_reachability
"I-Rep, Inc.",product_evidence,https://www.accessdata.fda.gov/scripts/cdrh/cfdocs/cfpmn/pmn.cfm?id=K822906,2026-05-19,Stage 2 categories: rehabilitation,medium_stage2_evidence
"I-Rep, Inc.",reachability_evidence,https://www.accessdata.fda.gov/scripts/cdrh/cfdocs/cfpmn/pmn.cfm?id=K822906,2026-05-19,未确认全球远程。,limited_or_unknown_reachability
"Influence, Inc.",product_evidence,https://www.accessdata.fda.gov/scripts/cdrh/cfdocs/cfpmn/pmn.cfm?id=K972023,2026-05-19,Stage 2 categories: sleep_health,medium_stage2_evidence
"Influence, Inc.",reachability_evidence,https://www.accessdata.fda.gov/scripts/cdrh/cfdocs/cfpmn/pmn.cfm?id=K972023,2026-05-19,未确认全球远程。,limited_or_unknown_reachability
"Jintronix, Inc.",product_evidence,https://www.accessdata.fda.gov/scripts/cdrh/cfdocs/cfpmn/pmn.cfm?id=K143034,2026-05-19,Stage 2 categories: rehabilitation,medium_stage2_evidence
"Jintronix, Inc.",reachability_evidence,https://www.accessdata.fda.gov/scripts/cdrh/cfdocs/cfpmn/pmn.cfm?id=K143034,2026-05-19,未确认全球远程。,limited_or_unknown_reachability
"M2 Group Holdings, Inc.",product_evidence,https://www.accessdata.fda.gov/scripts/cdrh/cfdocs/cfpmn/pmn.cfm?id=K100567,2026-05-19,Stage 2 categories: chronic_disease_management,medium_stage2_evidence
"M2 Group Holdings, Inc.",reachability_evidence,https://www.accessdata.fda.gov/scripts/cdrh/cfdocs/cfpmn/pmn.cfm?id=K100567,2026-05-19,未确认全球远程。,limited_or_unknown_reachability
"Mahana Therapeutics, Inc.",product_evidence,https://www.accessdata.fda.gov/scripts/cdrh/cfdocs/cfpmn/pmn.cfm?id=K211372,2026-05-19,Stage 2 categories: mental_health; samd,medium_stage2_evidence
"Mahana Therapeutics, Inc.",reachability_evidence,https://www.accessdata.fda.gov/scripts/cdrh/cfdocs/cfpmn/pmn.cfm?id=K211372,2026-05-19,未确认全球远程。,limited_or_unknown_reachability
Medicaa (Uruguay) S.A.,product_evidence,https://www.accessdata.fda.gov/scripts/cdrh/cfdocs/cfpmn/pmn.cfm?id=K070085,2026-05-19,Stage 2 categories: rehabilitation,medium_stage2_evidence
Medicaa (Uruguay) S.A.,reachability_evidence,https://www.accessdata.fda.gov/scripts/cdrh/cfdocs/cfpmn/pmn.cfm?id=K070085,2026-05-19,未确认全球远程。,limited_or_unknown_reachability
"Medical Analysis Systems, Inc.",product_evidence,https://www.accessdata.fda.gov/scripts/cdrh/cfdocs/cfpmn/pmn.cfm?id=K042717,2026-05-19,Stage 2 categories: chronic_disease_management,medium_stage2_evidence
"Medical Analysis Systems, Inc.",reachability_evidence,https://www.accessdata.fda.gov/scripts/cdrh/cfdocs/cfpmn/pmn.cfm?id=K042717,2026-05-19,未确认全球远程。,limited_or_unknown_reachability
"Mycare Team, Inc.",product_evidence,https://www.accessdata.fda.gov/scripts/cdrh/cfdocs/cfpmn/pmn.cfm?id=K073699,2026-05-19,Stage 2 categories: chronic_disease_management,medium_stage2_evidence
"Mycare Team, Inc.",reachability_evidence,https://www.accessdata.fda.gov/scripts/cdrh/cfdocs/cfpmn/pmn.cfm?id=K073699,2026-05-19,未确认全球远程。,limited_or_unknown_reachability
mySugr,product_evidence,https://www.mysugr.com/,2026-05-19,Stage 2 categories: chronic_disease_management; samd,medium_stage2_evidence
mySugr,reachability_evidence,https://www.mysugr.com/,2026-05-19,未确认全球远程。,limited_or_unknown_reachability
Nakagawa Dental Clinic,product_evidence,https://www.accessdata.fda.gov/scripts/cdrh/cfdocs/cfpmn/pmn.cfm?id=K060122,2026-05-19,Stage 2 categories: sleep_health,medium_stage2_evidence
Nakagawa Dental Clinic,reachability_evidence,https://www.accessdata.fda.gov/scripts/cdrh/cfdocs/cfpmn/pmn.cfm?id=K060122,2026-05-19,未确认全球远程。,limited_or_unknown_reachability
"Nautilus Sports/Medical Industries, Inc.",product_evidence,https://www.accessdata.fda.gov/scripts/cdrh/cfdocs/cfpmn/pmn.cfm?id=K861206,2026-05-19,Stage 2 categories: rehabilitation,medium_stage2_evidence
"Nautilus Sports/Medical Industries, Inc.",reachability_evidence,https://www.accessdata.fda.gov/scripts/cdrh/cfdocs/cfpmn/pmn.cfm?id=K861206,2026-05-19,未确认全球远程。,limited_or_unknown_reachability
"Neurofield, Inc.",product_evidence,https://www.accessdata.fda.gov/scripts/cdrh/cfdocs/cfpmn/pmn.cfm?id=K252951,2026-05-19,Stage 2 categories: sleep_health,medium_stage2_evidence
"Neurofield, Inc.",reachability_evidence,https://www.accessdata.fda.gov/scripts/cdrh/cfdocs/cfpmn/pmn.cfm?id=K252951,2026-05-19,未确认全球远程。,limited_or_unknown_reachability
"Neurotronics, Inc.",product_evidence,https://www.accessdata.fda.gov/scripts/cdrh/cfdocs/cfpmn/pmn.cfm?id=K142774,2026-05-19,Stage 2 categories: sleep_health,medium_stage2_evidence
"Neurotronics, Inc.",reachability_evidence,https://www.accessdata.fda.gov/scripts/cdrh/cfdocs/cfpmn/pmn.cfm?id=K142774,2026-05-19,未确认全球远程。,limited_or_unknown_reachability
"Neurovalens , Ltd.",product_evidence,https://www.accessdata.fda.gov/scripts/cdrh/cfdocs/cfpmn/pmn.cfm?id=K230826,2026-05-19,Stage 2 categories: sleep_health,medium_stage2_evidence
"Neurovalens , Ltd.",reachability_evidence,https://www.accessdata.fda.gov/scripts/cdrh/cfdocs/cfpmn/pmn.cfm?id=K230826,2026-05-19,未确认全球远程。,limited_or_unknown_reachability
"Nihon Kohden America, Inc.",product_evidence,https://www.accessdata.fda.gov/scripts/cdrh/cfdocs/cfpmn/pmn.cfm?id=K983072,2026-05-19,Stage 2 categories: sleep_health,medium_stage2_evidence
"Nihon Kohden America, Inc.",reachability_evidence,https://www.accessdata.fda.gov/scripts/cdrh/cfdocs/cfpmn/pmn.cfm?id=K983072,2026-05-19,未确认全球远程。,limited_or_unknown_reachability
Omega Results,product_evidence,https://www.accessdata.fda.gov/scripts/cdrh/cfdocs/cfpmn/pmn.cfm?id=K963631,2026-05-19,Stage 2 categories: sleep_health,medium_stage2_evidence
Omega Results,reachability_evidence,https://www.accessdata.fda.gov/scripts/cdrh/cfdocs/cfpmn/pmn.cfm?id=K963631,2026-05-19,未确认全球远程。,limited_or_unknown_reachability
Onera B.V.,product_evidence,https://www.accessdata.fda.gov/scripts/cdrh/cfdocs/cfpmn/pmn.cfm?id=K253668,2026-05-19,Stage 2 categories: sleep_health,medium_stage2_evidence
Onera B.V.,reachability_evidence,https://www.accessdata.fda.gov/scripts/cdrh/cfdocs/cfpmn/pmn.cfm?id=K253668,2026-05-19,未确认全球远程。,limited_or_unknown_reachability
Oviva,product_evidence,https://oviva.com/,2026-05-19,Stage 2 categories: chronic_disease_management,medium_stage2_evidence
Oviva,reachability_evidence,https://oviva.com/,2026-05-19,未确认全球远程。,limited_or_unknown_reachability
Oxehealth Limited,product_evidence,https://www.accessdata.fda.gov/scripts/cdrh/cfdocs/cfpmn/pmn.cfm?id=K233618,2026-05-19,Stage 2 categories: sleep_health,medium_stage2_evidence
Oxehealth Limited,reachability_evidence,https://www.accessdata.fda.gov/scripts/cdrh/cfdocs/cfpmn/pmn.cfm?id=K233618,2026-05-19,未确认全球远程。,limited_or_unknown_reachability
"Primus, Inc.",product_evidence,https://www.accessdata.fda.gov/scripts/cdrh/cfdocs/cfpmn/pmn.cfm?id=K896582,2026-05-19,Stage 2 categories: chronic_disease_management,medium_stage2_evidence
"Primus, Inc.",reachability_evidence,https://www.accessdata.fda.gov/scripts/cdrh/cfdocs/cfpmn/pmn.cfm?id=K896582,2026-05-19,未确认全球远程。,limited_or_unknown_reachability
Quantimetrix Corp.,product_evidence,https://www.accessdata.fda.gov/scripts/cdrh/cfdocs/cfpmn/pmn.cfm?id=K103744,2026-05-19,Stage 2 categories: chronic_disease_management,medium_stage2_evidence
Quantimetrix Corp.,reachability_evidence,https://www.accessdata.fda.gov/scripts/cdrh/cfdocs/cfpmn/pmn.cfm?id=K103744,2026-05-19,未确认全球远程。,limited_or_unknown_reachability
"Raye'S, Inc.",product_evidence,https://www.accessdata.fda.gov/scripts/cdrh/cfdocs/cfpmn/pmn.cfm?id=K022407,2026-05-19,Stage 2 categories: rehabilitation,medium_stage2_evidence
"Raye'S, Inc.",reachability_evidence,https://www.accessdata.fda.gov/scripts/cdrh/cfdocs/cfpmn/pmn.cfm?id=K022407,2026-05-19,未确认全球远程。,limited_or_unknown_reachability
"Recovr,Inc",product_evidence,https://www.accessdata.fda.gov/scripts/cdrh/cfdocs/cfpmn/pmn.cfm?id=K151446,2026-05-19,Stage 2 categories: rehabilitation,medium_stage2_evidence
"Recovr,Inc",reachability_evidence,https://www.accessdata.fda.gov/scripts/cdrh/cfdocs/cfpmn/pmn.cfm?id=K151446,2026-05-19,未确认全球远程。,limited_or_unknown_reachability
"Respironics, Inc.",product_evidence,https://www.accessdata.fda.gov/scripts/cdrh/cfdocs/cfpmn/pmn.cfm?id=K003499,2026-05-19,Stage 2 categories: sleep_health,medium_stage2_evidence
"Respironics, Inc.",reachability_evidence,https://www.accessdata.fda.gov/scripts/cdrh/cfdocs/cfpmn/pmn.cfm?id=K003499,2026-05-19,未确认全球远程。,limited_or_unknown_reachability
"Shiley, Inc.",product_evidence,https://www.accessdata.fda.gov/scripts/cdrh/cfdocs/cfpmn/pmn.cfm?id=K844138,2026-05-19,Stage 2 categories: sleep_health,medium_stage2_evidence
"Shiley, Inc.",reachability_evidence,https://www.accessdata.fda.gov/scripts/cdrh/cfdocs/cfpmn/pmn.cfm?id=K844138,2026-05-19,未确认全球远程。,limited_or_unknown_reachability
Sidekick Health,product_evidence,https://www.sidekickhealth.com/,2026-05-19,Stage 2 categories: chronic_disease_management; digital_therapeutics,medium_stage2_evidence
Sidekick Health,reachability_evidence,https://www.sidekickhealth.com/,2026-05-19,未确认全球远程。,limited_or_unknown_reachability
"Sleep Specialists, LLC",product_evidence,https://www.accessdata.fda.gov/scripts/cdrh/cfdocs/cfpmn/pmn.cfm?id=K100160,2026-05-19,Stage 2 categories: sleep_health,medium_stage2_evidence
"Sleep Specialists, LLC",reachability_evidence,https://www.accessdata.fda.gov/scripts/cdrh/cfdocs/cfpmn/pmn.cfm?id=K100160,2026-05-19,未确认全球远程。,limited_or_unknown_reachability
"Sweetspot Diabetes Care, Inc.",product_evidence,https://www.accessdata.fda.gov/scripts/cdrh/cfdocs/cfpmn/pmn.cfm?id=K111509,2026-05-19,Stage 2 categories: chronic_disease_management,medium_stage2_evidence
"Sweetspot Diabetes Care, Inc.",reachability_evidence,https://www.accessdata.fda.gov/scripts/cdrh/cfdocs/cfpmn/pmn.cfm?id=K111509,2026-05-19,未确认全球远程。,limited_or_unknown_reachability
"Symcare Personalized Health Solutions, Inc.",product_evidence,https://www.accessdata.fda.gov/scripts/cdrh/cfdocs/cfpmn/pmn.cfm?id=K093789,2026-05-19,Stage 2 categories: chronic_disease_management,medium_stage2_evidence
"Symcare Personalized Health Solutions, Inc.",reachability_evidence,https://www.accessdata.fda.gov/scripts/cdrh/cfdocs/cfpmn/pmn.cfm?id=K093789,2026-05-19,未确认全球远程。,limited_or_unknown_reachability
The ScottCare Corporation,product_evidence,https://www.accessdata.fda.gov/scripts/cdrh/cfdocs/cfpmn/pmn.cfm?id=K250259,2026-05-19,Stage 2 categories: rehabilitation,medium_stage2_evidence
The ScottCare Corporation,reachability_evidence,https://www.accessdata.fda.gov/scripts/cdrh/cfdocs/cfpmn/pmn.cfm?id=K250259,2026-05-19,未确认全球远程。,limited_or_unknown_reachability
"The Snore Reliever Company, LLC",product_evidence,https://www.accessdata.fda.gov/scripts/cdrh/cfdocs/cfpmn/pmn.cfm?id=K092942,2026-05-19,Stage 2 categories: sleep_health,medium_stage2_evidence
"The Snore Reliever Company, LLC",reachability_evidence,https://www.accessdata.fda.gov/scripts/cdrh/cfdocs/cfpmn/pmn.cfm?id=K092942,2026-05-19,未确认全球远程。,limited_or_unknown_reachability
"Universal Gym Equipment, Inc.",product_evidence,https://www.accessdata.fda.gov/scripts/cdrh/cfdocs/cfpmn/pmn.cfm?id=K873659,2026-05-19,Stage 2 categories: rehabilitation,medium_stage2_evidence
"Universal Gym Equipment, Inc.",reachability_evidence,https://www.accessdata.fda.gov/scripts/cdrh/cfdocs/cfpmn/pmn.cfm?id=K873659,2026-05-19,未确认全球远程。,limited_or_unknown_reachability
Wfr/Aquaplast Corp.,product_evidence,https://www.accessdata.fda.gov/scripts/cdrh/cfdocs/cfpmn/pmn.cfm?id=K032156,2026-05-19,Stage 2 categories: mental_health,medium_stage2_evidence
Wfr/Aquaplast Corp.,reachability_evidence,https://www.accessdata.fda.gov/scripts/cdrh/cfdocs/cfpmn/pmn.cfm?id=K032156,2026-05-19,未确认全球远程。,limited_or_unknown_reachability
Woebot Health,product_evidence,https://woebothealth.com/,2026-05-19,Stage 2 categories: digital_therapeutics; mental_health,medium_stage2_evidence
Woebot Health,reachability_evidence,https://woebothealth.com/,2026-05-19,未确认全球远程。,limited_or_unknown_reachability
"Medtronic, Inc.",product_evidence,https://www.accessdata.fda.gov/scripts/cdrh/cfdocs/cfpmn/pmn.cfm?id=K153160,2026-05-19,Stage 2 categories: health_management_platform; patient_engagement,medium_stage2_evidence
"Medtronic, Inc.",reachability_evidence,https://www.accessdata.fda.gov/scripts/cdrh/cfdocs/cfpmn/pmn.cfm?id=K153160,2026-05-19,未确认全球远程。,limited_or_unknown_reachability
Ada Health,product_evidence,https://ada.com/,2026-05-19,Stage 2 categories: health_management_platform; online_consultation; patient_engagement,medium_stage2_evidence
Ada Health,reachability_evidence,https://ada.com/,2026-05-19,未确认全球远程。,limited_or_unknown_reachability
Entra Health Systems,product_evidence,https://www.accessdata.fda.gov/scripts/cdrh/cfdocs/cfpmn/pmn.cfm?id=K132930,2026-05-19,Stage 2 categories: internet_healthcare,medium_stage2_evidence
Entra Health Systems,reachability_evidence,https://www.accessdata.fda.gov/scripts/cdrh/cfdocs/cfpmn/pmn.cfm?id=K132930,2026-05-19,未确认全球远程。,limited_or_unknown_reachability
Kry/Livi,product_evidence,https://www.livi.co.uk/,2026-05-19,Stage 2 categories: internet_healthcare; online_consultation,medium_stage2_evidence
Kry/Livi,reachability_evidence,https://www.livi.co.uk/,2026-05-19,未确认全球远程。,limited_or_unknown_reachability
"Medaica, Inc.",product_evidence,https://www.accessdata.fda.gov/scripts/cdrh/cfdocs/cfpmn/pmn.cfm?id=K223166,2026-05-19,Stage 2 categories: internet_healthcare,medium_stage2_evidence
"Medaica, Inc.",reachability_evidence,https://www.accessdata.fda.gov/scripts/cdrh/cfdocs/cfpmn/pmn.cfm?id=K223166,2026-05-19,未确认全球远程。,limited_or_unknown_reachability
Rtx Healthcare A/S,product_evidence,https://www.accessdata.fda.gov/scripts/cdrh/cfdocs/cfpmn/pmn.cfm?id=K041816,2026-05-19,Stage 2 categories: internet_healthcare,medium_stage2_evidence
Rtx Healthcare A/S,reachability_evidence,https://www.accessdata.fda.gov/scripts/cdrh/cfdocs/cfpmn/pmn.cfm?id=K041816,2026-05-19,未确认全球远程。,limited_or_unknown_reachability
"United Health Group, Inc.",product_evidence,https://www.accessdata.fda.gov/scripts/cdrh/cfdocs/cfpmn/pmn.cfm?id=K171406,2026-05-19,Stage 2 categories: internet_healthcare; samd,medium_stage2_evidence
"United Health Group, Inc.",reachability_evidence,https://www.accessdata.fda.gov/scripts/cdrh/cfdocs/cfpmn/pmn.cfm?id=K171406,2026-05-19,未确认全球远程。,limited_or_unknown_reachability
"Vignet, Inc.",product_evidence,https://www.accessdata.fda.gov/scripts/cdrh/cfdocs/cfpmn/pmn.cfm?id=K113446,2026-05-19,Stage 2 categories: internet_healthcare,medium_stage2_evidence
"Vignet, Inc.",reachability_evidence,https://www.accessdata.fda.gov/scripts/cdrh/cfdocs/cfpmn/pmn.cfm?id=K113446,2026-05-19,未确认全球远程。,limited_or_unknown_reachability
"Viterion Telehealthcare, LLC",product_evidence,https://www.accessdata.fda.gov/scripts/cdrh/cfdocs/cfpmn/pmn.cfm?id=K030419,2026-05-19,Stage 2 categories: internet_healthcare,medium_stage2_evidence
"Viterion Telehealthcare, LLC",reachability_evidence,https://www.accessdata.fda.gov/scripts/cdrh/cfdocs/cfpmn/pmn.cfm?id=K030419,2026-05-19,未确认全球远程。,limited_or_unknown_reachability
